squad,players_used,possession,games,games_starts,minutes,goals,assists,pens_made,pens_att,cards_yellow,cards_red,goals_per90,assists_per90,goals_assists_per90,goals_pens_per90,goals_assists_pens_per90,xg,npxg,xa,xg_per90,xa_per90,xg_xa_per90,npxg_per90,npxg_xa_per90,games_gk,games_starts_gk,minutes_gk,goals_against_gk,goals_against_per90_gk,shots_on_target_against,saves,save_pct,wins_gk,draws_gk,losses_gk,clean_sheets,clean_sheets_pct,pens_att_gk,pens_allowed,pens_saved,pens_missed_gk,minutes_90s,free_kick_goals_against_gk,corner_kick_goals_against_gk,own_goals_against_gk,psxg_gk,psnpxg_per_shot_on_target_against,psxg_net_gk,psxg_net_per90_gk,passes_completed_launched_gk,passes_launched_gk,passes_pct_launched_gk,passes_gk,passes_throws_gk,pct_passes_launched_gk,passes_length_avg_gk,goal_kicks,pct_goal_kicks_launched,goal_kick_length_avg,crosses_gk,crosses_stopped_gk,crosses_stopped_pct_gk,def_actions_outside_pen_area_gk,def_actions_outside_pen_area_per90_gk,avg_distance_def_actions_gk,shots_total,shots_on_target,shots_free_kicks,shots_on_target_pct,shots_total_per90,shots_on_target_per90,goals_per_shot,goals_per_shot_on_target,npxg_per_shot,xg_net,npxg_net,passes_completed,passes,passes_pct,passes_total_distance,passes_progressive_distance,passes_completed_short,passes_short,passes_pct_short,passes_completed_medium,passes_medium,passes_pct_medium,passes_completed_long,passes_long,passes_pct_long,xa_net,assisted_shots,passes_into_final_third,passes_into_penalty_area,crosses_into_penalty_area,progressive_passes,passes_live,passes_dead,passes_free_kicks,through_balls,passes_pressure,passes_switches,crosses,corner_kicks,corner_kicks_in,corner_kicks_out,corner_kicks_straight,passes_ground,passes_low,passes_high,passes_left_foot,passes_right_foot,passes_head,throw_ins,passes_other_body,passes_offsides,passes_oob,passes_intercepted,passes_blocked,sca,sca_per90,sca_passes_live,sca_passes_dead,sca_dribbles,sca_shots,sca_fouled,gca,gca_per90,gca_passes_live,gca_passes_dead,gca_dribbles,gca_shots,gca_fouled,gca_defense,tackles,tackles_won,tackles_def_3rd,tackles_mid_3rd,tackles_att_3rd,dribble_tackles,dribbles_vs,dribble_tackles_pct,dribbled_past,pressures,pressure_regains,pressure_regain_pct,pressures_def_3rd,pressures_mid_3rd,pressures_att_3rd,blocks,blocked_shots,blocked_shots_saves,blocked_passes,interceptions,clearances,errors,touches,touches_def_pen_area,touches_def_3rd,touches_mid_3rd,touches_att_3rd,touches_att_pen_area,touches_live_ball,dribbles_completed,dribbles,dribbles_completed_pct,players_dribbled_past,nutmegs,carries,carry_distance,carry_progressive_distance,progressive_carries,carries_into_final_third,carries_into_penalty_area,pass_targets,passes_received,passes_received_pct,miscontrols,dispossessed,cards_yellow_red,fouls,fouled,offsides,pens_won,pens_conceded,own_goals,ball_recoveries,aerials_won,aerials_lost,aerials_won_pct
Angers,30.0,48.4,36.0,396.0,3240.0,39.0,24.0,8.0,8.0,68.0,4.0,1.08,0.67,1.75,0.86,1.53,42.0,35.9,25.4,1.17,0.71,1.87,1.0,1.7,36.0,36.0,3240.0,54.0,1.5,147.0,101.0,66.7,9.0,11.0,16.0,7.0,19.4,6.0,5.0,1.0,0.0,36.0,2.0,10.0,3.0,43.3,0.27,-7.7,-0.21,145.0,408.0,35.5,736.0,201.0,37.0,36.3,286.0,47.6,41.5,372.0,33.0,8.9,19.0,0.53,13.0,359.0,116.0,16.0,32.3,9.97,3.22,0.09,0.27,0.11,-3.0,-4.9,14724.0,17780.0,82.8,292789.0,95123.0,5417.0,6091.0,88.9,6799.0,7614.0,89.3,2213.0,3412.0,64.9,-1.4,255.0,877.0,189.0,58.0,1029.0,16029.0,1751.0,515.0,12.0,2312.0,527.0,328.0,178.0,50.0,77.0,9.0,12947.0,2005.0,2828.0,6513.0,9487.0,516.0,681.0,284.0,40.0,272.0,496.0,380.0,565.0,15.69,378.0,62.0,40.0,23.0,40.0,61.0,1.69,34.0,6.0,3.0,7.0,10.0,1.0,648.0,402.0,327.0,257.0,64.0,236.0,618.0,38.2,382.0,5637.0,1563.0,27.7,1932.0,2540.0,1165.0,532.0,103.0,0.0,429.0,586.0,604.0,8.0,22164.0,2335.0,8118.0,10871.0,4554.0,647.0,20462.0,417.0,770.0,54.2,461.0,42.0,14751.0,70844.0,37848.0,1387.0,394.0,117.0,16651.0,14724.0,88.4,515.0,551.0,3.0,464.0,461.0,46.0,7.0,5.0,3.0,2723.0,399.0,546.0,42.2
Bordeaux,37.0,47.2,36.0,396.0,3240.0,46.0,37.0,2.0,4.0,87.0,4.0,1.28,1.03,2.31,1.22,2.25,40.4,37.5,28.1,1.12,0.78,1.9,1.04,1.82,36.0,36.0,3240.0,89.0,2.47,176.0,96.0,53.4,5.0,12.0,19.0,1.0,2.8,9.0,7.0,2.0,0.0,36.0,1.0,10.0,3.0,68.3,0.34,-17.7,-0.49,301.0,677.0,44.5,1005.0,123.0,46.6,39.0,311.0,67.2,49.5,294.0,16.0,5.4,44.0,1.22,16.4,417.0,140.0,15.0,33.6,11.58,3.89,0.11,0.31,0.09,5.6,6.5,12908.0,16364.0,78.9,265761.0,92255.0,4906.0,5640.0,87.0,5526.0,6465.0,85.5,2253.0,3651.0,61.7,8.9,293.0,847.0,232.0,55.0,1019.0,14560.0,1804.0,444.0,26.0,2394.0,581.0,355.0,147.0,77.0,44.0,7.0,10933.0,2106.0,3325.0,3650.0,10744.0,582.0,777.0,190.0,49.0,333.0,549.0,402.0,629.0,17.47,444.0,64.0,35.0,35.0,26.0,69.0,1.92,48.0,10.0,4.0,2.0,3.0,2.0,691.0,436.0,344.0,262.0,85.0,242.0,680.0,35.6,438.0,5461.0,1627.0,29.8,1774.0,2515.0,1172.0,501.0,110.0,5.0,391.0,658.0,644.0,14.0,20590.0,2465.0,7689.0,9937.0,4269.0,690.0,18837.0,312.0,599.0,52.1,351.0,27.0,12859.0,67852.0,36205.0,1284.0,376.0,131.0,15151.0,12908.0,85.2,493.0,432.0,2.0,470.0,403.0,58.0,2.0,9.0,3.0,2792.0,524.0,507.0,50.8
Brest,25.0,43.8,36.0,396.0,3240.0,44.0,28.0,7.0,8.0,57.0,2.0,1.22,0.78,2.0,1.03,1.81,42.5,36.3,27.2,1.18,0.76,1.94,1.01,1.76,36.0,36.0,3240.0,49.0,1.36,154.0,109.0,70.1,13.0,9.0,14.0,7.0,19.4,3.0,3.0,0.0,0.0,36.0,0.0,9.0,2.0,43.0,0.27,-4.0,-0.11,310.0,642.0,48.3,829.0,182.0,49.2,41.4,309.0,75.7,56.2,293.0,21.0,7.2,23.0,0.64,14.4,380.0,127.0,10.0,33.4,10.56,3.53,0.1,0.29,0.1,1.5,0.7,12123.0,15570.0,77.9,248548.0,91767.0,4787.0,5569.0,86.0,4895.0,5836.0,83.9,2161.0,3482.0,62.1,0.8,288.0,930.0,256.0,80.0,1053.0,13742.0,1828.0,467.0,20.0,2133.0,543.0,452.0,157.0,77.0,51.0,10.0,9988.0,2034.0,3548.0,3935.0,9434.0,599.0,810.0,245.0,39.0,304.0,523.0,375.0,612.0,17.0,430.0,73.0,29.0,33.0,34.0,67.0,1.86,41.0,7.0,4.0,7.0,7.0,1.0,713.0,448.0,363.0,268.0,82.0,232.0,580.0,40.0,348.0,6024.0,1773.0,29.4,1964.0,2841.0,1219.0,488.0,113.0,5.0,375.0,659.0,722.0,4.0,19873.0,2292.0,6853.0,9286.0,5039.0,747.0,18084.0,291.0,574.0,50.7,319.0,31.0,11982.0,64621.0,36197.0,1320.0,441.0,131.0,14419.0,12123.0,84.1,500.0,431.0,0.0,451.0,438.0,42.0,4.0,3.0,2.0,2746.0,689.0,565.0,54.9
Clermont Foot,28.0,50.3,36.0,396.0,3240.0,35.0,25.0,2.0,2.0,61.0,8.0,0.97,0.69,1.67,0.92,1.61,41.8,40.3,30.8,1.16,0.86,2.02,1.12,1.98,36.0,36.0,3240.0,66.0,1.83,149.0,90.0,59.1,9.0,9.0,18.0,8.0,22.2,5.0,5.0,0.0,0.0,36.0,0.0,11.0,3.0,51.9,0.33,-11.1,-0.31,149.0,457.0,32.6,819.0,149.0,38.7,35.9,257.0,54.5,41.2,255.0,17.0,6.7,22.0,0.61,13.9,407.0,126.0,10.0,31.0,11.31,3.5,0.08,0.26,0.1,-6.8,-7.3,15094.0,18568.0,81.3,282882.0,93995.0,6613.0,7457.0,88.7,6141.0,7096.0,86.5,2053.0,3348.0,61.3,-5.8,297.0,909.0,251.0,99.0,1073.0,16753.0,1815.0,494.0,19.0,2429.0,509.0,424.0,167.0,68.0,52.0,9.0,13116.0,2251.0,3201.0,5647.0,10919.0,622.0,792.0,227.0,44.0,329.0,596.0,395.0,623.0,17.31,442.0,62.0,48.0,28.0,27.0,57.0,1.58,40.0,6.0,3.0,4.0,3.0,1.0,653.0,433.0,306.0,265.0,82.0,247.0,597.0,41.4,350.0,5521.0,1684.0,30.5,1676.0,2634.0,1211.0,486.0,99.0,1.0,387.0,549.0,499.0,12.0,22571.0,2211.0,8244.0,10705.0,4973.0,714.0,20815.0,327.0,587.0,55.7,357.0,36.0,14705.0,69495.0,36253.0,1291.0,366.0,122.0,17420.0,15094.0,86.6,451.0,504.0,3.0,392.0,482.0,51.0,1.0,5.0,3.0,2874.0,461.0,504.0,47.8
Lens,28.0,50.5,36.0,396.0,3240.0,55.0,37.0,5.0,5.0,69.0,7.0,1.53,1.03,2.56,1.39,2.42,49.7,45.9,35.4,1.38,0.98,2.36,1.28,2.26,36.0,36.0,3238.0,45.0,1.25,130.0,89.0,68.5,16.0,10.0,10.0,8.0,22.2,5.0,4.0,1.0,0.0,36.0,1.0,2.0,0.0,40.3,0.29,-4.7,-0.13,147.0,367.0,40.1,726.0,177.0,37.6,34.3,270.0,34.8,32.7,289.0,23.0,8.0,26.0,0.72,13.9,469.0,164.0,13.0,35.0,13.03,4.56,0.11,0.3,0.1,5.3,4.1,15806.0,19032.0,83.0,298572.0,95718.0,6526.0,7344.0,88.9,7003.0,7918.0,88.4,1991.0,3118.0,63.9,1.6,347.0,1115.0,282.0,67.0,1346.0,17426.0,1606.0,376.0,33.0,2448.0,528.0,399.0,195.0,67.0,92.0,4.0,14327.0,1996.0,2709.0,4591.0,12580.0,586.0,673.0,262.0,48.0,312.0,604.0,410.0,747.0,20.75,573.0,50.0,36.0,39.0,27.0,87.0,2.42,67.0,2.0,4.0,7.0,5.0,2.0,640.0,397.0,303.0,261.0,76.0,233.0,563.0,41.4,330.0,5136.0,1529.0,29.8,1564.0,2339.0,1233.0,466.0,104.0,3.0,362.0,626.0,568.0,6.0,22992.0,2207.0,6792.0,12462.0,5336.0,768.0,21438.0,314.0,560.0,56.1,340.0,21.0,14942.0,83027.0,47384.0,1900.0,545.0,118.0,17986.0,15806.0,87.9,477.0,390.0,1.0,446.0,396.0,53.0,3.0,5.0,0.0,2700.0,458.0,406.0,53.0
Lille,25.0,51.2,36.0,396.0,3240.0,40.0,26.0,4.0,5.0,93.0,6.0,1.11,0.72,1.83,1.0,1.72,48.9,45.1,32.0,1.36,0.89,2.25,1.25,2.14,36.0,36.0,3240.0,45.0,1.25,141.0,103.0,72.3,13.0,12.0,11.0,10.0,27.8,7.0,6.0,1.0,0.0,36.0,1.0,9.0,2.0,40.9,0.26,-2.1,-0.06,168.0,466.0,36.1,693.0,147.0,44.3,38.1,266.0,59.8,46.4,322.0,29.0,9.0,26.0,0.72,15.2,442.0,140.0,15.0,31.7,12.28,3.89,0.08,0.26,0.1,-8.9,-9.1,14557.0,18031.0,80.7,281556.0,91217.0,6079.0,6899.0,88.1,5971.0,6854.0,87.1,2197.0,3504.0,62.7,-6.0,324.0,1035.0,281.0,64.0,1205.0,16262.0,1769.0,448.0,28.0,2598.0,595.0,403.0,190.0,79.0,78.0,4.0,12620.0,2371.0,3040.0,4676.0,11304.0,593.0,783.0,242.0,80.0,331.0,596.0,434.0,688.0,19.11,490.0,68.0,43.0,36.0,32.0,62.0,1.72,38.0,6.0,5.0,5.0,7.0,1.0,683.0,439.0,326.0,271.0,86.0,242.0,588.0,41.2,346.0,5060.0,1587.0,31.4,1575.0,2319.0,1166.0,508.0,124.0,2.0,384.0,508.0,642.0,8.0,22145.0,2209.0,7143.0,11046.0,5399.0,843.0,20431.0,306.0,577.0,53.0,332.0,30.0,13970.0,73502.0,42097.0,1651.0,435.0,151.0,16925.0,14557.0,86.0,506.0,426.0,3.0,465.0,459.0,87.0,5.0,6.0,2.0,2924.0,572.0,507.0,53.0
Lorient,29.0,43.7,36.0,396.0,3240.0,33.0,19.0,3.0,3.0,63.0,4.0,0.92,0.53,1.44,0.83,1.36,42.0,39.7,29.2,1.17,0.81,1.98,1.1,1.91,36.0,36.0,3240.0,62.0,1.72,141.0,86.0,59.6,8.0,10.0,18.0,10.0,27.8,6.0,5.0,0.0,1.0,36.0,4.0,5.0,2.0,50.1,0.33,-9.9,-0.28,156.0,528.0,29.5,622.0,113.0,49.4,41.9,294.0,75.2,55.9,337.0,11.0,3.3,11.0,0.31,13.2,412.0,138.0,32.0,33.5,11.44,3.83,0.07,0.22,0.1,-9.0,-9.7,12302.0,15637.0,78.7,246430.0,82445.0,4788.0,5510.0,86.9,5247.0,6133.0,85.6,2018.0,3359.0,60.1,-10.2,289.0,847.0,197.0,75.0,999.0,13906.0,1731.0,422.0,33.0,2346.0,523.0,355.0,154.0,53.0,51.0,14.0,10365.0,2190.0,3082.0,4369.0,9428.0,542.0,764.0,186.0,51.0,314.0,518.0,392.0,640.0,17.78,448.0,56.0,29.0,31.0,44.0,49.0,1.36,28.0,2.0,6.0,4.0,6.0,3.0,739.0,460.0,348.0,320.0,71.0,287.0,732.0,39.2,445.0,6064.0,1767.0,29.1,2114.0,2885.0,1065.0,504.0,118.0,1.0,386.0,622.0,754.0,8.0,19926.0,2108.0,6918.0,9870.0,4318.0,600.0,18220.0,300.0,546.0,54.9,318.0,18.0,12106.0,58509.0,32421.0,1320.0,386.0,117.0,14540.0,12302.0,84.6,471.0,436.0,3.0,490.0,425.0,54.0,3.0,6.0,3.0,2757.0,480.0,558.0,46.2
Lyon,30.0,58.9,36.0,396.0,3240.0,60.0,41.0,8.0,8.0,62.0,6.0,1.67,1.14,2.81,1.44,2.58,65.9,60.1,45.8,1.83,1.27,3.11,1.67,2.94,36.0,36.0,3238.0,48.0,1.33,158.0,119.0,74.1,15.0,11.0,10.0,9.0,25.0,7.0,7.0,0.0,0.0,36.0,1.0,8.0,3.0,46.0,0.26,1.0,0.03,175.0,348.0,50.3,998.0,163.0,27.8,31.3,234.0,30.3,32.7,252.0,13.0,5.2,25.0,0.69,15.2,510.0,182.0,18.0,35.7,14.17,5.06,0.1,0.29,0.12,-5.9,-8.1,18946.0,22116.0,85.7,355514.0,109589.0,7959.0,8787.0,90.6,8004.0,8839.0,90.6,2559.0,3680.0,69.5,-4.8,379.0,1269.0,319.0,67.0,1427.0,20398.0,1718.0,472.0,58.0,2974.0,523.0,392.0,179.0,70.0,61.0,9.0,17054.0,2266.0,2796.0,7475.0,12794.0,538.0,748.0,252.0,53.0,255.0,618.0,349.0,838.0,23.28,630.0,57.0,54.0,46.0,32.0,99.0,2.75,73.0,3.0,5.0,10.0,7.0,1.0,701.0,463.0,297.0,298.0,106.0,260.0,615.0,42.3,355.0,5413.0,1675.0,30.9,1572.0,2554.0,1287.0,510.0,93.0,8.0,417.0,577.0,591.0,9.0,26541.0,2319.0,8092.0,13797.0,6355.0,948.0,24895.0,437.0,776.0,56.3,477.0,35.0,18055.0,88669.0,48176.0,1894.0,541.0,181.0,21345.0,18946.0,88.8,535.0,484.0,2.0,437.0,447.0,58.0,6.0,7.0,3.0,2892.0,488.0,463.0,51.3
Marseille,27.0,62.1,36.0,396.0,3240.0,57.0,38.0,10.0,10.0,57.0,3.0,1.58,1.06,2.64,1.31,2.36,56.0,48.5,38.0,1.56,1.06,2.61,1.35,2.4,36.0,36.0,3240.0,34.0,0.94,99.0,66.0,69.7,20.0,8.0,8.0,14.0,38.9,4.0,4.0,0.0,0.0,36.0,0.0,9.0,1.0,35.0,0.33,0.0,0.0,197.0,420.0,46.9,1412.0,169.0,24.3,29.8,210.0,36.7,36.0,235.0,33.0,14.0,38.0,1.06,16.8,464.0,148.0,28.0,31.9,12.89,4.11,0.1,0.32,0.11,1.0,-1.5,20366.0,23294.0,87.4,388664.0,107706.0,8294.0,8998.0,92.2,9100.0,9896.0,92.0,2686.0,3754.0,71.6,0.0,353.0,1451.0,344.0,78.0,1373.0,21629.0,1665.0,511.0,50.0,3008.0,667.0,416.0,209.0,95.0,76.0,9.0,18446.0,2119.0,2729.0,6969.0,14700.0,438.0,659.0,257.0,50.0,288.0,540.0,367.0,792.0,22.0,573.0,72.0,39.0,43.0,50.0,100.0,2.78,66.0,6.0,6.0,7.0,12.0,3.0,595.0,380.0,278.0,243.0,74.0,195.0,488.0,40.0,293.0,4489.0,1449.0,32.3,1275.0,2020.0,1194.0,404.0,70.0,0.0,334.0,477.0,426.0,5.0,26946.0,2100.0,7840.0,14091.0,6723.0,933.0,25344.0,291.0,526.0,55.3,311.0,32.0,19150.0,96012.0,53104.0,2172.0,522.0,186.0,22559.0,20366.0,90.3,413.0,436.0,1.0,355.0,490.0,55.0,10.0,4.0,1.0,2550.0,395.0,324.0,54.9
Metz,36.0,43.3,36.0,396.0,3240.0,32.0,23.0,1.0,1.0,89.0,8.0,0.89,0.64,1.53,0.86,1.5,29.3,28.5,19.1,0.81,0.53,1.35,0.79,1.32,36.0,36.0,3237.0,64.0,1.78,158.0,99.0,62.7,5.0,13.0,18.0,7.0,19.4,5.0,5.0,0.0,0.0,36.0,1.0,9.0,2.0,60.3,0.36,-1.7,-0.05,256.0,620.0,41.3,680.0,207.0,53.4,44.4,309.0,83.2,59.8,300.0,33.0,11.0,33.0,0.92,15.5,361.0,108.0,15.0,29.9,10.03,3.0,0.09,0.29,0.08,2.7,2.5,11665.0,14936.0,78.1,236422.0,80273.0,4420.0,5116.0,86.4,5222.0,6054.0,86.3,1808.0,3189.0,56.7,3.9,255.0,709.0,130.0,60.0,776.0,13232.0,1704.0,464.0,23.0,1937.0,478.0,345.0,139.0,39.0,75.0,3.0,9866.0,1940.0,3130.0,3005.0,9984.0,567.0,694.0,261.0,40.0,300.0,521.0,364.0,550.0,15.28,379.0,57.0,33.0,30.0,29.0,47.0,1.31,32.0,3.0,3.0,4.0,5.0,0.0,798.0,489.0,415.0,308.0,75.0,258.0,619.0,41.7,361.0,5843.0,1754.0,30.0,2164.0,2701.0,978.0,611.0,149.0,3.0,462.0,692.0,759.0,7.0,19575.0,2224.0,7400.0,9718.0,3741.0,449.0,17926.0,312.0,580.0,53.8,354.0,27.0,11832.0,62802.0,33779.0,1241.0,382.0,91.0,13918.0,11665.0,83.8,565.0,461.0,1.0,535.0,436.0,44.0,1.0,5.0,2.0,2740.0,577.0,563.0,50.6
Monaco,27.0,54.5,36.0,396.0,3240.0,56.0,42.0,8.0,8.0,80.0,4.0,1.56,1.17,2.72,1.33,2.5,53.5,47.5,38.4,1.49,1.07,2.55,1.32,2.39,36.0,36.0,3240.0,36.0,1.0,120.0,95.0,76.7,19.0,8.0,9.0,11.0,30.6,9.0,8.0,0.0,1.0,36.0,0.0,5.0,3.0,39.0,0.27,6.0,0.17,180.0,443.0,40.6,813.0,154.0,36.9,35.6,262.0,54.6,45.1,247.0,10.0,4.0,18.0,0.5,14.7,411.0,141.0,14.0,34.3,11.42,3.92,0.12,0.34,0.12,2.5,0.5,15762.0,19571.0,80.5,310256.0,100511.0,6134.0,6953.0,88.2,7108.0,8201.0,86.7,2293.0,3732.0,61.4,3.6,318.0,1243.0,367.0,76.0,1506.0,17838.0,1733.0,433.0,57.0,2785.0,542.0,474.0,202.0,86.0,68.0,10.0,13758.0,2456.0,3357.0,5230.0,12213.0,664.0,759.0,275.0,91.0,297.0,645.0,429.0,670.0,18.61,490.0,63.0,38.0,24.0,37.0,97.0,2.69,83.0,2.0,3.0,3.0,6.0,0.0,767.0,485.0,311.0,363.0,93.0,279.0,682.0,40.9,403.0,6103.0,1929.0,31.6,1575.0,2925.0,1603.0,445.0,109.0,2.0,336.0,626.0,562.0,8.0,23644.0,2050.0,6737.0,12143.0,6223.0,965.0,21981.0,372.0,647.0,57.5,403.0,35.0,15139.0,77826.0,43302.0,1812.0,509.0,156.0,18638.0,15762.0,84.6,509.0,407.0,3.0,517.0,434.0,89.0,5.0,9.0,3.0,3185.0,579.0,562.0,50.7
Montpellier,25.0,48.6,36.0,396.0,3240.0,48.0,31.0,3.0,4.0,71.0,8.0,1.33,0.86,2.19,1.25,2.11,41.8,38.7,26.9,1.16,0.75,1.91,1.08,1.82,36.0,36.0,3240.0,55.0,1.53,196.0,145.0,73.5,12.0,7.0,17.0,10.0,27.8,4.0,3.0,1.0,0.0,36.0,2.0,4.0,1.0,54.7,0.27,0.7,0.02,210.0,503.0,41.7,1006.0,230.0,34.5,34.2,332.0,47.0,40.8,375.0,33.0,8.8,20.0,0.56,13.8,408.0,147.0,35.0,36.0,11.33,4.08,0.11,0.31,0.1,6.2,6.3,13416.0,16966.0,79.1,260548.0,92988.0,5489.0,6258.0,87.7,5542.0,6460.0,85.8,2040.0,3484.0,58.6,4.1,266.0,859.0,249.0,78.0,1073.0,15060.0,1906.0,459.0,23.0,2142.0,510.0,449.0,175.0,58.0,72.0,13.0,11259.0,2311.0,3396.0,4603.0,10247.0,656.0,835.0,302.0,44.0,356.0,547.0,409.0,605.0,16.81,416.0,48.0,38.0,29.0,52.0,75.0,2.08,49.0,4.0,6.0,6.0,6.0,4.0,659.0,381.0,358.0,218.0,83.0,242.0,650.0,37.2,408.0,5174.0,1492.0,28.8,1918.0,2119.0,1137.0,499.0,141.0,2.0,358.0,578.0,650.0,8.0,21132.0,2835.0,8190.0,9667.0,4596.0,637.0,19276.0,321.0,581.0,55.2,354.0,28.0,12929.0,66581.0,35975.0,1210.0,346.0,94.0,15573.0,13416.0,86.1,463.0,440.0,4.0,430.0,474.0,46.0,3.0,3.0,1.0,2796.0,455.0,594.0,43.4
Nantes,25.0,43.6,36.0,396.0,3240.0,50.0,36.0,4.0,4.0,78.0,4.0,1.39,1.0,2.39,1.28,2.28,40.0,36.9,29.2,1.11,0.81,1.92,1.03,1.84,36.0,36.0,3240.0,44.0,1.22,141.0,101.0,71.6,15.0,9.0,12.0,8.0,22.2,7.0,4.0,3.0,0.0,36.0,0.0,7.0,1.0,42.6,0.27,-0.4,-0.01,200.0,602.0,33.2,776.0,125.0,49.0,43.3,275.0,80.7,58.2,271.0,22.0,8.1,26.0,0.72,15.2,395.0,135.0,13.0,34.2,10.97,3.75,0.12,0.34,0.09,10.0,9.1,12011.0,15561.0,77.2,240914.0,84987.0,4803.0,5525.0,86.9,5044.0,6014.0,83.9,1949.0,3416.0,57.1,6.8,297.0,973.0,207.0,85.0,975.0,13795.0,1766.0,403.0,11.0,2169.0,492.0,419.0,186.0,71.0,84.0,11.0,10128.0,1963.0,3470.0,4715.0,8754.0,612.0,822.0,206.0,47.0,340.0,497.0,380.0,612.0,17.0,414.0,73.0,39.0,36.0,31.0,79.0,2.19,55.0,6.0,5.0,6.0,5.0,2.0,744.0,437.0,366.0,272.0,106.0,277.0,671.0,41.3,394.0,5931.0,1611.0,27.2,1974.0,2659.0,1298.0,513.0,131.0,6.0,382.0,565.0,623.0,4.0,19769.0,2003.0,6271.0,9482.0,5112.0,748.0,18041.0,286.0,592.0,48.3,316.0,28.0,11841.0,56637.0,30577.0,1276.0,369.0,152.0,14437.0,12011.0,83.2,479.0,432.0,2.0,511.0,375.0,53.0,1.0,6.0,1.0,2925.0,598.0,603.0,49.8
Nice,27.0,51.3,36.0,396.0,3240.0,48.0,33.0,7.0,9.0,73.0,6.0,1.33,0.92,2.25,1.14,2.06,53.8,47.2,38.0,1.5,1.06,2.55,1.31,2.37,36.0,36.0,3240.0,31.0,0.86,134.0,107.0,79.9,19.0,7.0,10.0,14.0,38.9,5.0,4.0,1.0,0.0,36.0,1.0,1.0,0.0,38.1,0.25,7.1,0.2,171.0,413.0,41.4,751.0,156.0,35.6,33.7,256.0,57.0,44.4,315.0,14.0,4.4,20.0,0.56,14.0,416.0,132.0,11.0,31.7,11.56,3.67,0.1,0.31,0.12,-5.8,-6.2,15369.0,18641.0,82.4,296210.0,94969.0,6053.0,6812.0,88.9,7013.0,7910.0,88.7,2062.0,3280.0,62.9,-5.0,320.0,1038.0,269.0,97.0,1143.0,16998.0,1643.0,424.0,32.0,2555.0,417.0,449.0,179.0,82.0,63.0,10.0,13467.0,2147.0,3027.0,5504.0,11197.0,560.0,718.0,267.0,44.0,308.0,530.0,369.0,678.0,18.83,491.0,62.0,41.0,34.0,31.0,83.0,2.31,62.0,3.0,3.0,7.0,8.0,0.0,667.0,397.0,327.0,264.0,76.0,251.0,550.0,45.6,299.0,4959.0,1525.0,30.8,1470.0,2324.0,1165.0,548.0,133.0,5.0,415.0,573.0,595.0,3.0,22687.0,2161.0,7101.0,11941.0,5122.0,785.0,21092.0,342.0,621.0,55.1,369.0,25.0,15270.0,79205.0,42331.0,1679.0,491.0,116.0,17449.0,15369.0,88.1,453.0,426.0,2.0,470.0,387.0,51.0,5.0,4.0,0.0,2812.0,529.0,481.0,52.4
Paris S-G,34.0,62.9,36.0,396.0,3240.0,79.0,61.0,6.0,7.0,74.0,4.0,2.19,1.69,3.89,2.03,3.72,69.0,63.7,50.9,1.92,1.41,3.33,1.77,3.18,36.0,36.0,3237.0,36.0,1.0,135.0,102.0,75.6,24.0,8.0,4.0,11.0,30.6,3.0,3.0,0.0,0.0,36.0,0.0,5.0,1.0,36.6,0.25,1.6,0.04,81.0,151.0,53.6,745.0,192.0,15.8,25.8,224.0,14.7,22.8,262.0,14.0,5.3,33.0,0.92,15.3,516.0,183.0,29.0,35.5,14.33,5.08,0.14,0.4,0.13,10.0,9.3,22583.0,25115.0,89.9,397794.0,112356.0,10370.0,11178.0,92.8,9409.0,10106.0,93.1,2344.0,3014.0,77.8,10.1,395.0,1664.0,401.0,60.0,1509.0,23572.0,1543.0,460.0,78.0,3032.0,473.0,348.0,194.0,77.0,36.0,7.0,20964.0,2263.0,1888.0,8385.0,15325.0,366.0,589.0,271.0,81.0,202.0,654.0,341.0,864.0,24.0,643.0,51.0,66.0,43.0,41.0,134.0,3.72,98.0,5.0,15.0,9.0,5.0,2.0,602.0,382.0,244.0,240.0,118.0,238.0,583.0,40.8,345.0,4833.0,1379.0,28.5,1349.0,1967.0,1517.0,392.0,111.0,0.0,281.0,468.0,419.0,10.0,28911.0,2393.0,7684.0,15215.0,7937.0,1077.0,27446.0,452.0,822.0,55.0,495.0,39.0,21356.0,102420.0,56447.0,2371.0,701.0,213.0,24660.0,22583.0,91.6,418.0,434.0,1.0,376.0,448.0,87.0,5.0,3.0,1.0,2385.0,275.0,226.0,54.9
Reims,35.0,42.0,36.0,396.0,3240.0,38.0,25.0,4.0,6.0,68.0,7.0,1.06,0.69,1.75,0.94,1.64,36.1,31.4,24.8,1.0,0.69,1.69,0.87,1.56,36.0,36.0,3240.0,40.0,1.11,142.0,107.0,74.6,10.0,13.0,13.0,11.0,30.6,6.0,4.0,1.0,1.0,36.0,2.0,9.0,1.0,37.4,0.24,-1.6,-0.04,190.0,511.0,37.2,905.0,189.0,42.0,38.8,262.0,50.0,41.4,362.0,30.0,8.3,41.0,1.14,16.0,371.0,128.0,4.0,34.5,10.31,3.56,0.09,0.27,0.09,1.9,2.6,11500.0,14849.0,77.4,228950.0,79655.0,4492.0,5227.0,85.9,4944.0,5822.0,84.9,1819.0,3145.0,57.8,0.2,288.0,744.0,239.0,70.0,934.0,13114.0,1735.0,478.0,15.0,2255.0,471.0,370.0,162.0,65.0,66.0,8.0,9670.0,2156.0,3023.0,4497.0,8455.0,575.0,746.0,250.0,67.0,339.0,544.0,401.0,605.0,16.81,418.0,53.0,55.0,23.0,34.0,62.0,1.72,36.0,7.0,6.0,5.0,7.0,1.0,655.0,411.0,334.0,254.0,67.0,215.0,563.0,38.2,348.0,5615.0,1635.0,29.1,1971.0,2558.0,1086.0,601.0,153.0,4.0,448.0,693.0,734.0,7.0,19238.0,2526.0,7646.0,8672.0,4218.0,633.0,17551.0,335.0,562.0,59.6,359.0,24.0,11797.0,63908.0,35640.0,1262.0,377.0,95.0,13848.0,11500.0,83.0,519.0,405.0,4.0,472.0,461.0,74.0,5.0,5.0,0.0,2705.0,451.0,512.0,46.8
Rennes,28.0,56.9,36.0,396.0,3240.0,77.0,58.0,4.0,4.0,53.0,2.0,2.14,1.61,3.75,2.03,3.64,59.7,56.6,43.3,1.66,1.2,2.86,1.57,2.78,36.0,36.0,3240.0,38.0,1.06,94.0,59.0,64.9,19.0,5.0,12.0,13.0,36.1,6.0,5.0,1.0,0.0,36.0,0.0,5.0,1.0,33.2,0.31,-3.8,-0.11,206.0,464.0,44.4,937.0,170.0,33.2,33.6,211.0,72.5,52.6,333.0,20.0,6.0,30.0,0.83,15.0,525.0,186.0,14.0,35.4,14.58,5.17,0.14,0.39,0.11,17.3,16.4,17099.0,20355.0,84.0,352719.0,104810.0,6114.0,6903.0,88.6,7714.0,8660.0,89.1,3040.0,4183.0,72.7,14.7,399.0,1126.0,366.0,102.0,1325.0,18705.0,1650.0,417.0,35.0,2650.0,682.0,455.0,212.0,57.0,115.0,12.0,14973.0,2311.0,3071.0,5955.0,12352.0,636.0,736.0,281.0,51.0,315.0,562.0,412.0,843.0,23.42,599.0,96.0,30.0,60.0,36.0,134.0,3.72,106.0,7.0,5.0,9.0,6.0,1.0,550.0,308.0,229.0,211.0,110.0,208.0,550.0,37.8,342.0,5076.0,1497.0,29.5,1381.0,2213.0,1482.0,501.0,99.0,1.0,402.0,465.0,646.0,9.0,24247.0,2179.0,7383.0,12433.0,5992.0,960.0,22650.0,268.0,496.0,54.0,297.0,24.0,16506.0,83246.0,45418.0,1754.0,510.0,140.0,19349.0,17099.0,88.4,435.0,374.0,1.0,435.0,408.0,56.0,4.0,6.0,1.0,2805.0,604.0,551.0,52.3
Saint-Ã‰tienne,39.0,49.2,36.0,396.0,3240.0,39.0,24.0,5.0,5.0,80.0,5.0,1.08,0.67,1.75,0.94,1.61,37.9,34.2,24.5,1.05,0.68,1.73,0.95,1.63,36.0,36.0,3237.0,70.0,1.95,171.0,108.0,63.2,7.0,10.0,19.0,4.0,11.1,7.0,7.0,0.0,0.0,36.0,3.0,8.0,4.0,62.2,0.33,-7.8,-0.22,193.0,567.0,34.0,830.0,210.0,46.5,38.8,271.0,66.8,49.7,292.0,26.0,8.9,44.0,1.22,15.6,412.0,136.0,20.0,33.0,11.44,3.78,0.08,0.25,0.08,1.1,-0.2,13221.0,16798.0,78.7,255584.0,82083.0,5476.0,6253.0,87.6,5391.0,6336.0,85.1,1987.0,3417.0,58.2,-0.5,291.0,857.0,204.0,62.0,988.0,14929.0,1869.0,505.0,20.0,2365.0,609.0,399.0,169.0,81.0,58.0,5.0,11405.0,2190.0,3203.0,6568.0,8129.0,622.0,815.0,299.0,45.0,369.0,559.0,403.0,629.0,17.47,427.0,63.0,47.0,34.0,37.0,53.0,1.47,29.0,8.0,3.0,5.0,6.0,2.0,736.0,458.0,351.0,304.0,81.0,224.0,581.0,38.6,357.0,5836.0,1890.0,32.4,1856.0,2678.0,1302.0,524.0,96.0,3.0,428.0,587.0,593.0,11.0,21266.0,2144.0,7158.0,10794.0,4757.0,639.0,19457.0,374.0,714.0,52.4,414.0,25.0,13574.0,70393.0,39294.0,1539.0,483.0,134.0,15533.0,13221.0,85.1,517.0,489.0,1.0,471.0,455.0,47.0,4.0,7.0,4.0,3111.0,491.0,602.0,44.9
Strasbourg,26.0,49.6,36.0,396.0,3240.0,55.0,39.0,6.0,8.0,70.0,3.0,1.53,1.08,2.61,1.36,2.44,57.5,51.5,37.9,1.6,1.05,2.65,1.43,2.48,36.0,36.0,3240.0,39.0,1.08,112.0,78.0,68.8,16.0,12.0,8.0,13.0,36.1,4.0,4.0,0.0,0.0,36.0,0.0,4.0,1.0,36.2,0.3,-1.8,-0.05,184.0,421.0,43.7,706.0,135.0,43.5,37.4,227.0,50.2,43.1,277.0,22.0,7.9,22.0,0.61,14.3,454.0,140.0,10.0,30.8,12.61,3.89,0.11,0.35,0.12,-2.5,-2.5,14050.0,17714.0,79.3,282158.0,95261.0,5412.0,6181.0,87.6,6051.0,7011.0,86.3,2297.0,3822.0,60.1,1.1,320.0,1060.0,345.0,103.0,1294.0,16006.0,1708.0,428.0,27.0,2448.0,648.0,515.0,174.0,33.0,116.0,8.0,11547.0,2333.0,3834.0,4326.0,11214.0,641.0,772.0,249.0,51.0,285.0,547.0,412.0,674.0,18.72,491.0,68.0,26.0,40.0,35.0,85.0,2.36,63.0,4.0,3.0,9.0,6.0,0.0,710.0,427.0,338.0,259.0,113.0,264.0,599.0,44.1,335.0,5420.0,1588.0,29.3,1652.0,2356.0,1412.0,517.0,103.0,0.0,414.0,586.0,588.0,4.0,21745.0,2107.0,6625.0,10701.0,5728.0,897.0,20102.0,268.0,458.0,58.5,292.0,15.0,13434.0,68649.0,37469.0,1388.0,398.0,93.0,16595.0,14050.0,84.7,465.0,382.0,1.0,502.0,423.0,58.0,6.0,4.0,1.0,3050.0,672.0,577.0,53.8
Troyes,35.0,44.2,36.0,396.0,3240.0,33.0,22.0,6.0,7.0,72.0,5.0,0.92,0.61,1.53,0.75,1.36,38.7,33.5,24.2,1.08,0.67,1.75,0.93,1.6,36.0,36.0,3240.0,49.0,1.36,134.0,96.0,70.9,9.0,10.0,17.0,9.0,25.0,10.0,10.0,0.0,0.0,36.0,1.0,8.0,2.0,45.5,0.27,-1.5,-0.04,240.0,593.0,40.5,911.0,184.0,46.0,39.2,305.0,57.0,43.3,332.0,23.0,6.9,16.0,0.44,12.9,370.0,115.0,10.0,31.1,10.28,3.19,0.07,0.23,0.09,-5.7,-6.5,12442.0,15819.0,78.7,242587.0,87300.0,5262.0,5989.0,87.9,5057.0,5972.0,84.7,1879.0,3220.0,58.4,-2.2,258.0,845.0,236.0,88.0,972.0,14063.0,1756.0,500.0,21.0,2277.0,515.0,417.0,151.0,102.0,32.0,6.0,10685.0,2032.0,3102.0,5103.0,8883.0,503.0,713.0,268.0,51.0,298.0,566.0,388.0,560.0,15.56,383.0,61.0,29.0,35.0,37.0,48.0,1.33,28.0,4.0,2.0,7.0,6.0,1.0,660.0,395.0,343.0,243.0,74.0,227.0,592.0,38.3,365.0,5576.0,1603.0,28.7,1920.0,2639.0,1017.0,530.0,109.0,3.0,421.0,606.0,597.0,3.0,19850.0,2481.0,7732.0,9027.0,4342.0,599.0,18149.0,293.0,538.0,54.5,325.0,24.0,12223.0,63117.0,33457.0,1163.0,376.0,80.0,14640.0,12442.0,85.0,462.0,419.0,3.0,461.0,481.0,53.0,7.0,10.0,2.0,2735.0,472.0,518.0,47.7
